{
  "name": "shared-target",
  "title": "Shared Target",
  "description": "",
  "author": "Mejari",
  "authors": [],
  "url": "https://github.com/Mejari/shared-target",
  "bugs": "https://github.com/Mejari/shared-target/issues",
  "flags": {},
  "version": "0.0.2",
  "minimumCoreVersion": "0.8.6",
  "compatibleCoreVersion": "0.8.6",
  "scripts": [],
  "esmodules": [
    "shared-target.js"
  ],
  "styles": [
    "shared-target.css"
  ],
  "languages": [],
  "packs": [],
  "system": [],
  "dependencies": [],
  "socket": true,
  "manifest": "https://raw.githubusercontent.com/Mejari/shared-target/main/module.json",
  "download": "https://raw.githubusercontent.com/Mejari/shared-target/main/shared-target-v0.0.2.zip",
  "protected": false,
  "coreTranslation": false
}